geo,Country,year,Consumption Industry,Consumption Households,Consumption Transport,REN Share,REN Share Electricity,REN Share Heat-Cool,REN Share Transport,Price+Taxes,Price
AT,Austria,2015-01-01,7363.897,6631.937,8464.597,33.497,71.487,33.231,11.409,0.1996,0.125
BE,Belgium,2015-01-01,10570.537,8229.602,8910.92,8.06,15.573,7.942,3.921,0.2239,0.18295
BG,Bulgaria,2015-01-01,2719.641,2192.912,3211.585,18.261,18.975,28.903,6.492,0.09495,0.07915
CY,Cyprus,2015-01-01,211.592,323.916,621.949,9.903,8.445,24.066,2.521,0.18975,0.15185
CZ,Czechia,2015-01-01,6477.94,6769.51,6195.22,15.07,14.072,19.787,6.537,0.13965,0.11435
DE,Germany,2015-01-01,56067.59,54959.824,55144.756,14.901,30.882,13.432,6.569,0.2948499999999999,0.1429
DK,Denmark,2015-01-01,2116.284,4445.518,4282.158,30.469,51.292,39.536,6.432,0.3055,0.0909
EE,Estonia,2015-01-01,535.033,857.435,760.004,28.987,16.152,50.031,0.413,0.12965,0.0951
EL,Greece,2015-01-01,3128.446,4460.625,5753.399,15.69,22.089,26.557,1.1,0.1769,0.1219
ES,Spain,2015-01-01,19424.018,15269.842,29439.41,16.221,36.972,16.85,1.088,0.23395,0.18395
FI,Finland,2015-01-01,10156.882,4950.975,4105.519,39.23,32.207,52.618,24.567,0.1541,0.10175
FR,France,2015-01-01,28013.166,40692.404,46491.623,14.803,18.821,18.879,8.366,0.1679,0.1112
HR,Croatia,2015-01-01,1056.141,2429.916,1997.802,28.969,45.409,38.619,2.361,0.13145,0.10055
HU,Hungary,2015-01-01,3867.221,5969.813,4181.253,14.495,7.341,21.335,7.169,0.1136,0.08945
IE,Ireland,2015-01-01,2039.926,2829.165,3886.315,9.083,25.725,6.184,5.942,0.244,0.19805
IS,Iceland,2015-01-01,1460.048,392.234,300.785,71.949,93.11,69.196,6.095,0.1231,0.0974
IT,Italy,2015-01-01,24853.372,32494.483,36374.374,17.525,33.459,19.255,6.505,0.2439,0.1493
LI,Liechtenstein,2015-01-01,,,,,,,,0.1822,0.15935
LT,Lithuania,2015-01-01,982.755,1359.131,1750.186,25.748,15.543,46.081,4.582,0.1249499999999999,0.08685
LU,Luxembourg,2015-01-01,645.852,508.946,1958.228,4.987,6.197,6.858,6.7,0.1767,0.1331
LV,Latvia,2015-01-01,787.78,1105.582,1037.65,37.538,52.205,51.738,3.639,0.16425,0.1089499999999999
MT,Malta,2015-01-01,55.139,79.865,199.764,5.119,4.312,14.639,4.679,0.1263,0.1202999999999999
NL,Netherlands,2015-01-01,13143.134,9534.29,9855.152,5.714,11.04,5.278,5.597,0.1916,0.1261499999999999
PL,Poland,2015-01-01,14095.754,19032.461,16561.088,11.881,13.401,14.795,5.686,0.1431,0.1115
PT,Portugal,2015-01-01,4411.521,2751.749,5555.183,30.514,52.616,40.1,7.431,0.2282,0.11515
RO,Romania,2015-01-01,6418.898,7375.183,5337.702,24.785,43.161,25.886,5.488,0.1311,0.09325
SE,Sweden,2015-01-01,10920.312,7411.176,7295.5,52.22,65.733,63.235,21.49,0.1873,0.11925
SI,Slovenia,2015-01-01,1228.021,1172.476,1772.57,22.879,32.722,36.15,2.242,0.161,0.11245
SK,Slovakia,2015-01-01,3333.371,2573.288,2168.799,12.882,22.656,10.791,8.631,0.15115,0.12275
AT,Austria,2016-01-01,7608.447,6919.098,8598.512,33.37,72.521,33.48,10.583,0.2022,0.1232
BE,Belgium,2016-01-01,10628.386,8255.911,9005.12,8.744,15.834,8.247,6.029,0.26445,0.1691
BG,Bulgaria,2016-01-01,2655.459,2252.111,3268.077,18.76,19.147,29.99,7.203,0.0947,0.0789
CY,Cyprus,2016-01-01,215.369,333.642,658.147,9.833,8.587,24.69,2.671,0.1573999999999999,0.12395
CZ,Czechia,2016-01-01,6412.09,7090.172,6417.093,14.926,13.615,19.879,6.496,0.14205,0.11615
DE,Germany,2016-01-01,56677.082,56963.58,56556.589,14.885,32.273,13.032,7.013,0.2973,0.1385
DK,Denmark,2016-01-01,2185.46,4601.363,4379.51,31.715,53.717,41.078,6.732,0.3086,0.09225
EE,Estonia,2016-01-01,457.757,930.578,776.895,29.232,16.194,51.765,0.431,0.1222999999999999,0.09475
EL,Greece,2016-01-01,3073.122,4337.452,5897.048,15.39,22.657,25.422,1.624,0.17195,0.11735
ES,Spain,2016-01-01,20653.448,14331.695,30631.963,17.015,36.676,15.898,5.167,0.2234499999999999,0.1757
FI,Finland,2016-01-01,10500.774,5342.235,4180.495,38.943,32.716,53.704,8.816,0.1543,0.10185
FR,France,2016-01-01,28737.843,43102.268,46744.528,15.451,19.209,20.12,8.405,0.1698,0.10965
HR,Croatia,2016-01-01,1057.427,2409.158,2045.099,28.266,46.667,37.636,1.218,0.1321,0.101
HU,Hungary,2016-01-01,3988.299,6156.505,4261.597,14.377,7.292,21.027,7.768,0.11195,0.08815
IE,Ireland,2016-01-01,2114.94,2918.087,4098.28,9.189,27.069,6.243,5.159,0.2329,0.1886499999999999
IS,Iceland,2016-01-01,1344.211,423.296,333.071,75.329,95.31,78.245,6.297,0.1395,0.11005
IT,Italy,2016-01-01,25088.949,32185.101,35814.501,17.415,34.012,18.887,7.414,0.23015,0.1359
LI,Liechtenstein,2016-01-01,,,,,,,,0.17375,0.1517
LT,Lithuania,2016-01-01,988.969,1433.211,1864.513,25.612,16.872,46.563,3.649,0.1201,0.08385
LU,Luxembourg,2016-01-01,672.673,525.178,1907.236,5.364,6.674,7.058,5.965,0.1698,0.1327
LV,Latvia,2016-01-01,748.954,1143.483,1033.562,37.138,51.251,51.812,2.449,0.1626,0.10755
MT,Malta,2016-01-01,54.925,77.575,199.742,6.208,5.714,16.854,5.269,0.12655,0.1205
NL,Netherlands,2016-01-01,13811.044,9812.913,9834.866,5.846,12.55,5.192,4.761,0.1606,0.11975
PL,Poland,2016-01-01,14652.306,19886.302,18557.173,11.396,13.342,14.919,3.974,0.1341999999999999,0.1045
PT,Portugal,2016-01-01,4381.447,2819.484,5690.973,30.864,53.99,41.614,7.647,0.2324,0.1225
RO,Romania,2016-01-01,6263.796,7414.92,5738.034,25.032,42.712,26.865,6.169,0.12465,0.09035
SE,Sweden,2016-01-01,10879.933,7659.147,7224.832,52.597,64.869,63.412,26.56,0.19385,0.12495
SI,Slovenia,2016-01-01,1242.337,1196.324,1882.533,21.975,32.056,35.563,1.601,0.16235,0.11145
SK,Slovakia,2016-01-01,3308.576,2688.692,2429.877,12.029,22.513,9.879,7.765,0.148,0.12015
AT,Austria,2017-01-01,7629.156,6955.601,8724.365,33.136,71.626,33.67,9.703,0.1964,0.12195
BE,Belgium,2017-01-01,10445.991,8131.16,8857.471,9.136,17.214,8.2,6.637,0.2867,0.18595
BG,Bulgaria,2017-01-01,2757.516,2318.715,3324.915,18.695,19.022,29.854,7.273,0.0969,0.08075
CY,Cyprus,2017-01-01,234.2,342.362,681.155,10.478,8.911,26.42,2.561,0.18445,0.1437
CZ,Czechia,2017-01-01,6734.121,7202.965,6617.264,14.799,13.654,19.728,6.616,0.1462999999999999,0.1197
DE,Germany,2017-01-01,57146.089,56777.115,57247.225,15.472,34.612,13.369,7.028,0.3048,0.1386
DK,Denmark,2017-01-01,2284.643,4498.219,4439.864,34.387,59.94,44.063,6.935,0.30295,0.0931
EE,Estonia,2017-01-01,462.926,940.914,803.862,29.538,17.583,52.217,0.417,0.1263,0.0938
EL,Greece,2017-01-01,2762.817,4401.052,5815.313,17.3,24.464,28.246,4.001,0.16655,0.11145
ES,Spain,2017-01-01,21134.634,14392.022,31749.555,17.118,36.465,16.205,5.798,0.22365,0.17585
FI,Finland,2017-01-01,10699.835,5761.435,4194.818,40.857,35.044,54.593,18.679,0.1589999999999999,0.10565
FR,France,2017-01-01,27997.768,42420.967,46943.875,15.847,19.933,20.599,8.765,0.173,0.11105
HR,Croatia,2017-01-01,1148.118,2392.72,2196.674,27.28,46.437,36.627,1.174,0.1216,0.1011499999999999
HU,Hungary,2017-01-01,4282.774,6294.138,4496.778,13.556,7.513,19.902,7.731,0.11295,0.08895
IE,Ireland,2017-01-01,2219.211,2768.312,4089.782,10.52,30.318,6.624,7.442,0.2329999999999999,0.18555
IS,Iceland,2017-01-01,1394.304,422.526,352.87,74.104,93.376,78.253,6.999,0.1558,0.12315
IT,Italy,2017-01-01,24925.749,32898.639,34525.408,18.267,34.104,20.083,6.484,0.2106,0.1324
LI,Liechtenstein,2017-01-01,,,,,,,,0.1671,0.14115
LT,Lithuania,2017-01-01,1070.927,1455.374,1960.025,26.038,18.255,46.495,4.3,0.11115,0.078
LU,Luxembourg,2017-01-01,630.695,535.579,1966.428,6.194,8.055,7.45,6.478,0.16165,0.11685
LV,Latvia,2017-01-01,793.307,1195.604,1080.824,39.008,54.352,54.582,2.27,0.1583999999999999,0.1041
MT,Malta,2017-01-01,57.156,91.096,207.327,7.219,6.845,19.314,6.826,0.1313,0.12355
NL,Netherlands,2017-01-01,13784.187,9584.967,10186.745,6.507,13.812,5.75,5.842,0.1595,0.1185
PL,Poland,2017-01-01,15820.047,20063.177,21415.239,11.059,13.082,14.779,4.232,0.14485,0.0955
PT,Portugal,2017-01-01,4525.297,2801.785,5788.829,30.611,54.168,41.022,7.914,0.2257,0.1093
RO,Romania,2017-01-01,6437.729,7732.038,6149.188,24.454,41.965,26.581,6.558,0.1243499999999999,0.0907999999999999
SE,Sweden,2017-01-01,10828.964,7696.829,7307.861,53.39,65.909,63.62,26.842,0.1984,0.1281
SI,Slovenia,2017-01-01,1295.612,1171.381,1934.203,21.658,32.425,34.639,2.571,0.1611,0.1104499999999999
SK,Slovakia,2017-01-01,3452.442,2744.162,2772.655,11.465,21.343,9.837,6.95,0.1438499999999999,0.0834999999999999
AT,Austria,2018-01-01,7563.291,6531.091,8836.593,33.784,74.189,34.178,9.931,0.1989,0.12485
BE,Belgium,2018-01-01,10682.546,8039.139,8901.812,9.472,18.886,8.29,6.709,0.288,0.1924
BG,Bulgaria,2018-01-01,2736.144,2229.672,3374.736,20.581,22.355,33.25,8.076,0.0992,0.0827
CY,Cyprus,2018-01-01,227.688,334.957,684.771,13.873,9.357,37.164,2.661,0.2037999999999999,0.1594999999999999
CZ,Czechia,2018-01-01,6699.106,7042.708,6659.891,15.139,13.711,20.642,6.556,0.1579499999999999,0.1292499999999999
DE,Germany,2018-01-01,57090.092,55822.36,55470.398,16.66,37.591,14.22,7.941,0.29935,0.13785
DK,Denmark,2018-01-01,2318.685,4450.344,4482.557,35.159,62.394,44.968,6.92,0.31245,0.10635
EE,Estonia,2018-01-01,485.921,941.042,834.796,29.97,19.679,53.671,3.315,0.1383,0.10185
EL,Greece,2018-01-01,2738.854,3903.48,5897.204,18.001,26.001,30.123,4.108,0.1659,0.11285
ES,Spain,2018-01-01,21262.424,15178.832,32513.6,17.023,35.236,16.135,6.938,0.243,0.191
FI,Finland,2018-01-01,11038.184,5691.11,4241.568,41.185,36.539,54.905,14.772,0.1655,0.1109
FR,France,2018-01-01,28105.929,41029.548,46176.166,16.384,21.131,21.216,8.963,0.17735,0.1151
HR,Croatia,2018-01-01,1161.853,2298.895,2146.863,28.047,48.139,36.65,2.582,0.1316,0.1023999999999999
HU,Hungary,2018-01-01,4453.878,5818.115,4790.228,12.548,8.306,18.204,7.746,0.11205,0.08825
IE,Ireland,2018-01-01,2272.157,2950.805,4135.463,10.942,33.317,6.381,7.186,0.2454,0.1926
IS,Iceland,2018-01-01,1401.396,505.489,369.539,77.173,98.497,79.949,8.396,0.1501,0.1187
IT,Italy,2018-01-01,24663.854,31905.559,35579.484,17.796,33.93,19.279,7.659,0.2113999999999999,0.13505
LI,Liechtenstein,2018-01-01,,,,,,,,0.1939,0.16705
LT,Lithuania,2018-01-01,1106.588,1511.606,2081.494,24.695,18.408,46.016,4.333,0.1097,0.0771
LU,Luxembourg,2018-01-01,648.871,500.518,2101.34,8.942,9.115,8.362,6.596,0.1681,0.12925
LV,Latvia,2018-01-01,897.845,1231.009,1108.725,40.019,53.499,55.413,4.729,0.1521,0.1038
MT,Malta,2018-01-01,58.835,93.033,227.773,7.914,7.702,22.825,8.019,0.1296,0.12195
NL,Netherlands,2018-01-01,13668.95,9551.684,10430.531,7.394,15.171,6.16,9.483,0.18,0.127
PL,Poland,2018-01-01,16327.935,22557.493,22316.791,14.936,13.027,21.473,5.72,0.1402999999999999,0.08975
PT,Portugal,2018-01-01,4553.901,2877.758,5847.575,30.203,52.186,40.924,9.037,0.2269499999999999,0.10175
RO,Romania,2018-01-01,6612.433,7775.08,6303.748,23.875,41.793,25.434,6.342,0.1325,0.0977
SE,Sweden,2018-01-01,10925.172,7490.34,7127.429,53.916,66.228,63.301,29.696,0.19795,0.1261
SI,Slovenia,2018-01-01,1319.176,1101.397,1974.63,21.378,32.307,32.337,5.48,0.16255,0.11165
SK,Slovakia,2018-01-01,3662.539,2546.007,2744.051,11.896,21.499,10.599,6.988,0.1513999999999999,0.08955
AT,Austria,2019-01-01,7542.285,6687.86,8830.326,33.755,75.067,33.929,10.051,0.2054,0.1332499999999999
BE,Belgium,2019-01-01,10692.196,7503.961,8839.793,9.929,20.817,8.319,6.817,0.28495,0.1951
BG,Bulgaria,2019-01-01,2678.806,2162.252,3413.546,21.545,23.509,35.423,7.893,0.09775,0.08145
CY,Cyprus,2019-01-01,228.648,359.703,692.28,13.777,9.756,35.051,3.316,0.2219499999999999,0.15605
CZ,Czechia,2019-01-01,6618.619,6963.387,6778.778,16.239,14.046,22.632,7.841,0.1759,0.12465
DE,Germany,2019-01-01,55649.346,57743.03,56220.462,17.266,40.604,14.504,7.63,0.2983,0.1397
DK,Denmark,2019-01-01,2257.662,4389.392,4425.357,37.02,65.347,47.302,7.11,0.2954,0.1063
EE,Estonia,2019-01-01,459.307,951.351,839.841,31.73,21.998,52.193,6.243,0.1384,0.10045
EL,Greece,2019-01-01,2587.606,4099.875,6045.183,19.633,31.295,30.048,4.049,0.1573,0.1164999999999999
ES,Spain,2019-01-01,21348.181,14445.322,32915.106,17.852,37.131,17.203,7.61,0.23985,0.13065
FI,Finland,2019-01-01,10980.131,5631.035,4178.021,42.807,37.969,56.884,14.845,0.17585,0.1187
FR,France,2019-01-01,27605.17,40771.075,45890.949,17.174,22.389,22.36,9.248,0.18455,0.1204
HR,Croatia,2019-01-01,1172.434,2238.586,2235.149,28.466,49.783,36.791,5.855,0.1322499999999999,0.1028999999999999
HU,Hungary,2019-01-01,4459.617,5676.869,5070.454,12.634,9.969,18.16,8.057,0.11085,0.0873
IE,Ireland,2019-01-01,2269.197,2868.37,4165.639,11.979,36.46,6.344,8.917,0.24845,0.2078499999999999
IS,Iceland,2019-01-01,1315.423,454.055,360.095,78.612,100.64,80.896,9.292,0.143,0.11315
IT,Italy,2019-01-01,24928.486,31138.335,35861.202,18.181,34.969,19.699,9.047,0.2321,0.14295
LI,Liechtenstein,2019-01-01,,,,,,,,0.20165,0.17375
LT,Lithuania,2019-01-01,1113.763,1447.177,2150.671,25.474,18.79,47.372,4.049,0.12545,0.0947
LU,Luxembourg,2019-01-01,631.731,463.194,2153.407,7.046,10.863,8.687,7.707,0.17985,0.13255
LV,Latvia,2019-01-01,852.714,1187.967,1098.869,40.929,53.423,57.749,4.554,0.1634499999999999,0.114
MT,Malta,2019-01-01,61.017,101.528,241.714,8.23,7.485,23.602,8.902,0.1296999999999999,0.1220499999999999
NL,Netherlands,2019-01-01,13295.047,9330.173,10418.067,8.886,18.23,7.217,12.326,0.2065,0.136
PL,Poland,2019-01-01,16492.204,20993.899,22746.098,15.377,14.356,22.005,6.2,0.13595,0.08825
PT,Portugal,2019-01-01,4618.128,2891.348,5982.658,30.623,53.774,41.657,9.089,0.21655,0.11925
RO,Romania,2019-01-01,6661.063,7753.283,6571.907,24.29,42.616,25.739,7.846,0.13895,0.1003999999999999
SE,Sweden,2019-01-01,10783.745,7363.914,7026.905,55.785,71.234,64.394,30.309,0.20425,0.13065
SI,Slovenia,2019-01-01,1322.08,1076.85,1926.584,21.968,32.632,32.132,7.983,0.1649999999999999,0.11355
SK,Slovakia,2019-01-01,3463.68,2637.679,2789.729,16.894,22.103,19.696,8.308,0.1581,0.09655
AT,Austria,2020-01-01,7274.665,7033.251,7724.115,36.545,78.204,34.995,10.283,0.2139,0.1371
BE,Belgium,2020-01-01,10591.235,7581.389,7745.474,13.0,25.122,8.447,11.035,0.2747,0.1835
BG,Bulgaria,2020-01-01,2646.35,2382.245,3209.758,23.319,23.586,37.178,9.101,0.09895,0.08245
CY,Cyprus,2020-01-01,244.584,363.552,617.554,16.879,12.041,37.117,7.401,0.19155,0.13405
CZ,Czechia,2020-01-01,6567.069,7148.052,6377.501,17.303,14.81,23.535,9.383,0.1818,0.1301999999999999
DE,Germany,2020-01-01,54762.64,57979.779,51000.996,19.09,44.215,14.481,10.008,0.30245,0.14405
DK,Denmark,2020-01-01,2307.445,4273.399,4115.267,31.681,65.323,51.073,9.701,0.2825999999999999,0.09295
EE,Estonia,2020-01-01,408.037,944.704,795.628,30.069,28.293,58.834,12.165,0.12635,0.09175
EL,Greece,2020-01-01,2523.498,4277.83,5141.857,21.749,35.856,31.941,5.341,0.16575,0.12815
ES,Spain,2020-01-01,19646.016,14555.763,26059.067,21.22,42.944,17.966,9.528,0.22685,0.1219
FI,Finland,2020-01-01,10257.554,5284.813,3882.493,43.939,39.564,57.622,14.31,0.17565,0.11915
FR,France,2020-01-01,25513.117,39984.582,38586.384,19.109,24.819,23.368,9.207,0.19255,0.1267
HR,Croatia,2020-01-01,1171.272,2277.143,1968.591,31.023,53.816,36.928,6.593,0.1304,0.10145
HU,Hungary,2020-01-01,4421.598,5980.487,4459.534,13.85,11.904,17.72,11.571,0.102,0.0803
IE,Ireland,2020-01-01,2274.801,3132.847,3520.769,16.16,39.055,6.264,10.187,0.25125,0.2108
IS,Iceland,2020-01-01,1298.431,482.238,305.364,83.725,102.709,80.504,11.959,0.12945,0.10245
IT,Italy,2020-01-01,23861.103,30655.992,28976.458,20.359,38.081,19.949,10.736,0.2189499999999999,0.13565
LI,Liechtenstein,2020-01-01,,,,,,,,0.20965,0.1807
LT,Lithuania,2020-01-01,1024.34,1433.361,2126.456,26.773,20.166,50.35,5.511,0.13735,0.1041499999999999
LU,Luxembourg,2020-01-01,580.106,497.737,1667.676,11.699,13.887,12.614,12.581,0.19855,0.1465
LV,Latvia,2020-01-01,870.882,1115.366,1045.5,42.132,53.357,57.094,6.733,0.1426,0.10005
MT,Malta,2020-01-01,66.241,105.933,205.248,10.714,9.489,23.027,10.586,0.1292499999999999,0.1216
NL,Netherlands,2020-01-01,13304.593,9110.154,8839.122,13.999,26.407,8.053,12.631,0.13965,0.1373
PL,Poland,2020-01-01,15921.165,21101.347,21725.353,16.102,16.237,22.143,6.575,0.14925,0.09395
PT,Portugal,2020-01-01,4447.539,3014.19,5002.965,33.982,58.032,41.546,9.701,0.21265,0.11385
RO,Romania,2020-01-01,6437.031,8007.426,6460.8,24.478,43.374,25.327,8.54,0.1454,0.10425
SE,Sweden,2020-01-01,11059.63,7182.148,6610.086,60.124,74.495,66.381,31.854,0.19655,0.12355
SI,Slovenia,2020-01-01,1256.408,1091.333,1583.292,25.0,35.095,32.141,10.911,0.1571,0.11215
SK,Slovakia,2020-01-01,3138.177,2744.571,2487.886,17.345,23.066,19.427,9.259,0.1704999999999999,0.109
AT,Austria,2021-01-01,7455.981,7811.649,7996.576,34.643,74.008,33.127,9.648,0.22505,0.1421
BE,Belgium,2021-01-01,11066.441,8228.015,8561.249,13.017,26.035,9.21,10.332,0.2848,0.1891
BG,Bulgaria,2021-01-01,2823.82,2403.893,3434.583,19.394,21.413,29.855,7.613,0.10575,0.0881
CY,Cyprus,2021-01-01,246.344,355.143,661.604,19.069,14.84,42.595,7.189,0.214,0.13635
CZ,Czechia,2021-01-01,7013.271,7864.166,6749.252,17.614,14.468,24.349,6.74,0.18425,0.1391
DE,Germany,2021-01-01,56064.099,57672.167,49902.777,19.302,43.964,15.533,8.104,0.32135,0.1578999999999999
DK,Denmark,2021-01-01,2478.016,4519.97,4204.096,41.494,73.181,51.552,10.062,0.3174,0.12625
EE,Estonia,2021-01-01,383.584,965.256,840.249,37.342,29.197,61.347,11.187,0.16315,0.12365
EL,Greece,2021-01-01,2565.401,4278.524,5530.448,22.001,35.881,31.081,4.414,0.1827,0.14465
ES,Spain,2021-01-01,20972.534,14513.752,30350.056,20.552,45.994,16.971,9.207,0.25695,0.1618
FI,Finland,2021-01-01,10760.748,5962.385,4023.489,42.819,39.583,52.085,20.298,0.18035,0.12295
FR,France,2021-01-01,27645.797,43310.438,43830.653,19.391,24.815,24.757,8.114,0.1984,0.1322499999999999
HR,Croatia,2021-01-01,1191.359,2441.87,2147.878,31.285,53.471,38.006,6.985,0.1301999999999999,0.10125
HU,Hungary,2021-01-01,4729.286,6374.4,4897.618,14.134,13.66,17.898,6.165,0.10065,0.07925
IE,Ireland,2021-01-01,2266.444,2983.656,3750.888,12.945,37.665,5.421,4.646,0.27645,0.2244499999999999
IS,Iceland,2021-01-01,1330.039,500.795,321.949,79.618,99.536,79.621,12.562,0.1371,0.10825
IT,Italy,2021-01-01,25777.808,33244.961,34801.761,18.888,35.996,19.354,9.87,0.23095,0.1596
LI,Liechtenstein,2021-01-01,,,,,,,,0.2096,0.18075
LT,Lithuania,2021-01-01,1109.164,1629.694,2144.972,28.167,21.278,48.625,6.467,0.14125,0.10625
LU,Luxembourg,2021-01-01,607.148,479.175,1771.034,11.713,14.216,12.842,7.968,0.19885,0.14675
LV,Latvia,2021-01-01,894.119,1202.993,1077.062,42.112,51.399,57.383,6.436,0.1644499999999999,0.1212999999999999
MT,Malta,2021-01-01,70.032,110.244,215.149,12.631,9.649,32.606,10.516,0.13015,0.12245
NL,Netherlands,2021-01-01,13314.44,10087.558,9007.233,13.117,33.251,8.071,9.279,0.1365,0.14245
PL,Poland,2021-01-01,16274.112,22130.789,23508.374,15.604,17.167,20.978,5.674,0.1561,0.09015
PT,Portugal,2021-01-01,4531.067,3022.524,5468.095,33.982,58.433,42.681,8.611,0.21295,0.11475
RO,Romania,2021-01-01,6856.343,8764.871,6879.222,23.871,42.676,24.573,8.917,0.1568999999999999,0.1141
SE,Sweden,2021-01-01,11023.122,7878.771,6824.465,62.527,75.76,68.53,28.677,0.2359,0.15365
SI,Slovenia,2021-01-01,1294.263,1162.089,1799.603,25.0,34.976,35.216,10.642,0.16865,0.1169
SK,Slovakia,2021-01-01,3382.392,2966.314,2619.259,17.419,22.402,19.521,8.755,0.1646,0.10385
AT,Austria,2022-01-01,7463.073,7108.457,7603.753,34.057,73.64,31.819,10.751,0.23095,0.18345
BE,Belgium,2022-01-01,9943.224,7036.456,8694.924,13.831,29.505,10.425,10.472,0.3963,0.32065
BG,Bulgaria,2022-01-01,2703.532,2137.397,3468.082,19.079,20.362,31.485,7.662,0.1119999999999999,0.09335
CY,Cyprus,2022-01-01,250.728,360.543,654.346,19.427,16.963,41.56,7.228,0.2934,0.2122
CZ,Czechia,2022-01-01,6564.625,7157.766,6888.929,18.123,15.498,25.821,6.24,0.2082999999999999,0.1978
DE,Germany,2022-01-01,53008.103,57434.806,50725.775,20.829,48.041,17.391,10.07,0.3318,0.2116
DK,Denmark,2022-01-01,2268.129,3998.544,4137.566,41.368,76.708,51.4,9.976,0.5215,0.30035
EE,Estonia,2022-01-01,358.4,963.88,845.746,38.542,29.115,65.442,8.531,0.2353,0.18375
EL,Greece,2022-01-01,2565.529,4325.475,5866.033,22.671,42.361,30.622,4.083,0.2269499999999999,0.3752999999999999
ES,Spain,2022-01-01,19083.933,14016.209,32477.593,21.837,50.888,19.332,9.683,0.32105,0.27725
FI,Finland,2022-01-01,9736.046,5594.322,3848.762,47.74,47.966,58.292,18.535,0.2203999999999999,0.15705
FR,France,2022-01-01,26038.606,37920.921,45238.229,20.33,27.36,26.603,8.941,0.2148,0.1644499999999999
HR,Croatia,2022-01-01,1128.479,2286.359,2234.877,28.088,56.245,37.213,2.395,0.14165,0.1115
HU,Hungary,2022-01-01,4303.259,5821.192,5277.609,15.128,15.333,20.232,7.77,0.1016,0.07995
IE,Ireland,2022-01-01,2172.552,2615.339,4020.029,13.017,37.387,5.334,5.825,0.27745,0.3258
IS,Iceland,2022-01-01,1374.644,443.212,343.281,78.735,98.674,82.031,13.666,0.1538999999999999,0.12125
IT,Italy,2022-01-01,23871.595,29426.979,36684.754,18.826,37.102,19.901,10.048,0.3378,0.29315
LI,Liechtenstein,2022-01-01,,,,,,,,0.2259499999999999,0.19485
LT,Lithuania,2022-01-01,953.872,1558.114,2103.595,29.599,26.461,51.54,6.682,0.1963,0.1606
LU,Luxembourg,2022-01-01,542.744,454.444,1554.536,14.286,16.321,14.976,8.71,0.20295,0.16845
LV,Latvia,2022-01-01,907.175,1115.069,1022.107,43.786,53.519,60.996,3.123,0.23755,0.2113499999999999
MT,Malta,2022-01-01,72.405,117.719,251.962,14.04,10.109,40.224,10.473,0.1291,0.12145
NL,Netherlands,2022-01-01,12272.495,8201.73,8958.186,15.291,39.651,9.192,11.163,0.08785,0.26825
PL,Poland,2022-01-01,15074.146,20492.124,23856.025,16.644,21.009,22.095,5.791,0.1533999999999999,0.09575
PT,Portugal,2022-01-01,4504.165,2965.934,5793.595,34.675,60.991,45.545,8.706,0.22105,0.183
RO,Romania,2022-01-01,5739.746,7894.699,7444.576,24.229,43.726,26.251,8.924,0.28865,0.2231
SE,Sweden,2022-01-01,10954.768,7062.293,6575.3,66.287,83.372,69.81,28.841,0.2509,0.2152
SI,Slovenia,2022-01-01,1181.138,1052.349,1954.951,25.002,37.005,33.989,7.828,0.1673,0.1278
SK,Slovakia,2022-01-01,3167.959,2686.513,2659.961,17.482,22.901,19.883,8.931,0.184,0.12785
AT,Austria,2023-01-01,6788.523,7270.904,7430.987,41.6,87.899,40.77,13.576,0.27005,0.28405
BE,Belgium,2023-01-01,9477.604,6947.24,8882.42,14.673,31.368,11.211,12.177,0.4064,0.31925
BG,Bulgaria,2023-01-01,2540.266,2046.582,3527.768,23.151,29.702,36.059,8.089,0.1164999999999999,0.09705
CY,Cyprus,2023-01-01,252.856,336.459,683.163,20.213,20.939,42.75,7.285,0.35955,0.22055
CZ,Czechia,2023-01-01,5966.333,6416.158,7027.815,18.555,16.447,27.675,5.653,0.31705,0.2603
DE,Germany,2023-01-01,49687.05,52434.691,49303.809,21.512,51.945,16.909,12.257,0.40725,0.29275
DK,Denmark,2023-01-01,2135.92,4096.01,4100.048,43.728,78.975,54.503,11.133,0.3682499999999999,0.2410999999999999
EE,Estonia,2023-01-01,337.166,935.976,845.792,40.95,31.845,66.668,9.065,0.2249499999999999,0.1746
EL,Greece,2023-01-01,2463.422,3773.874,6128.632,25.269,48.225,35.547,3.942,0.2318,0.18905
ES,Spain,2023-01-01,18814.009,13671.209,32202.67,24.981,56.915,21.904,11.96,0.2400499999999999,0.21165
FI,Finland,2023-01-01,9291.803,5465.387,3765.734,50.784,52.374,61.355,20.299,0.248,0.1823
FR,France,2023-01-01,24450.687,36640.154,44181.249,22.462,30.295,30.182,9.944,0.24455,0.2027
HR,Croatia,2023-01-01,1173.888,2224.526,2488.585,28.088,57.518,36.173,0.919,0.148,0.11705
HU,Hungary,2023-01-01,3998.463,5367.117,4932.683,17.117,19.537,22.268,7.575,0.11445,0.0901
IE,Ireland,2023-01-01,2128.803,2497.658,4104.541,15.243,40.43,7.778,7.593,0.32645,0.4552
IS,Iceland,2023-01-01,1389.684,453.257,336.544,79.444,99.896,83.114,15.7,0.15725,0.1241
IT,Italy,2023-01-01,22746.576,26546.617,37105.49,19.179,38.905,20.283,10.435,0.35645,0.28975
LI,Liechtenstein,2023-01-01,,,,,,,,0.3969,0.3530999999999999
LT,Lithuania,2023-01-01,898.67,1530.945,2144.1,31.927,36.469,53.611,7.231,0.25215,0.2163
LU,Luxembourg,2023-01-01,496.168,438.685,1509.857,14.312,18.196,15.388,9.118,0.20115,0.29435
LV,Latvia,2023-01-01,921.39,1079.133,1021.614,43.25,54.317,61.401,1.358,0.2914,0.2509
MT,Malta,2023-01-01,54.503,116.023,266.233,15.437,10.729,53.231,10.748,0.127,0.11945
NL,Netherlands,2023-01-01,11640.785,7673.371,9412.102,17.588,46.419,10.359,13.51,0.3031,0.3478
PL,Poland,2023-01-01,13723.846,19920.949,23719.096,16.651,25.793,20.61,6.339,0.19655,0.1041
PT,Portugal,2023-01-01,4312.763,3019.665,6173.905,35.154,63.01,47.098,11.162,0.2185,0.24975
RO,Romania,2023-01-01,4958.0,7552.174,7721.894,25.758,47.391,29.126,8.39,0.1901,0.1437999999999999
SE,Sweden,2023-01-01,11253.547,7050.024,6494.967,66.393,87.547,67.068,33.645,0.2421499999999999,0.15955
SI,Slovenia,2023-01-01,1073.341,1040.915,1834.363,25.066,41.887,34.302,10.021,0.2015,0.1614
SK,Slovakia,2023-01-01,2869.479,2425.468,2624.335,16.991,24.201,18.795,9.182,0.19175,0.1276
AT,Austria,2024-01-01,6875.366,6932.267,7311.306,42.951,90.065,42.169,14.591,0.2584,0.2812
BE,Belgium,2024-01-01,9846.714,7099.329,8920.858,14.336,31.274,11.259,12.717,0.33335,0.2435
BG,Bulgaria,2024-01-01,2594.815,1961.546,3748.692,23.21,33.843,34.187,8.197,0.1202,0.10015
CY,Cyprus,2024-01-01,246.929,347.807,697.176,20.844,24.086,42.297,7.389,0.3246,0.2095
CZ,Czechia,2024-01-01,5671.87,6229.411,7313.13,19.211,17.928,29.057,5.743,0.33415,0.25425
DE,Germany,2024-01-01,48101.304,52454.89,49691.027,22.474,54.084,17.677,12.367,0.3947,0.28015
DK,Denmark,2024-01-01,2133.981,4135.652,3794.339,46.461,79.655,56.42,14.12,0.37355,0.19055
EE,Estonia,2024-01-01,494.025,978.233,993.989,42.232,38.882,67.811,7.707,0.2257,0.17325
EL,Greece,2024-01-01,2500.426,3862.774,6351.373,25.364,51.248,32.639,3.872,0.2264499999999999,0.1909
ES,Spain,2024-01-01,19093.126,13879.984,32870.13,25.417,59.673,21.572,11.298,0.2422,0.18615
FI,Finland,2024-01-01,9390.176,5362.842,3767.791,52.124,54.309,62.592,20.331,0.2404,0.1705499999999999
FR,France,2024-01-01,24067.715,36623.464,44509.078,23.229,31.344,31.316,10.788,0.28865,0.2221
HR,Croatia,2024-01-01,1157.171,2213.975,2747.48,26.477,58.04,34.805,0.936,0.1478,0.1174
HU,Hungary,2024-01-01,4157.212,5327.465,4907.517,18.264,24.056,22.608,7.918,0.1063,0.08365
IE,Ireland,2024-01-01,2174.005,2627.755,4112.536,16.064,41.336,7.913,8.657,0.2818,0.37925
IS,Iceland,2024-01-01,1369.054,494.519,327.755,79.332,102.443,79.453,11.194,0.1758,0.13905
IT,Italy,2024-01-01,22900.505,26782.433,38137.662,19.385,40.654,20.223,9.951,0.31925,0.23415
LI,Liechtenstein,2024-01-01,,,,,,,,0.31475,0.27545
LT,Lithuania,2024-01-01,979.789,1616.951,2084.679,35.408,48.987,52.084,8.983,0.22295,0.18425
LU,Luxembourg,2024-01-01,532.567,443.037,1457.037,14.742,20.5,19.033,9.456,0.20265,0.30215
LV,Latvia,2024-01-01,920.233,1099.341,966.262,45.535,55.514,61.787,8.78,0.2476999999999999,0.221
MT,Malta,2024-01-01,56.279,121.621,275.024,17.21,10.655,59.209,11.351,0.12875,0.1211
NL,Netherlands,2024-01-01,12229.708,7689.932,9389.474,20.18,50.545,11.274,19.746,0.23345,0.2722
PL,Poland,2024-01-01,14534.874,19636.596,24367.676,17.77,30.37,21.287,6.033,0.22835,0.1217
PT,Portugal,2024-01-01,4472.519,2939.639,6155.335,36.319,65.801,46.952,14.329,0.2526,0.1758
RO,Romania,2024-01-01,5042.183,7434.117,7944.828,25.378,47.645,28.097,8.395,0.1873,0.13915
SE,Sweden,2024-01-01,11104.048,6995.723,6847.492,62.846,88.143,67.828,26.399,0.23925,0.1538999999999999
SI,Slovenia,2024-01-01,1081.758,1033.167,1934.965,25.001,43.079,33.661,9.242,0.2045,0.1652
SK,Slovakia,2024-01-01,2875.036,2299.882,2597.773,18.092,24.91,20.427,9.611,0.1788,0.1235
